"日付け","終値","始値","高値","安値","出来高","変化率 %"
"2022年06月29日","26,764.00","26,779.00","26,859.50","26,676.50","-","-1.06%"
"2022年06月28日","27,049.47","26,795.68","27,062.31","26,789.50","733.59M","0.66%"
"2022年06月27日","26,871.27","26,741.80","26,938.43","26,665.44","657.74M","1.43%"
"2022年06月24日","26,491.97","26,228.42","26,519.16","26,148.56","726.41M","1.23%"
"2022年06月23日","26,171.25","26,134.89","26,401.97","26,039.57","656.83M","0.08%"
"2022年06月22日","26,149.55","26,441.72","26,462.83","26,149.17","663.69M","-0.37%"
"2022年06月21日","26,246.31","26,070.92","26,418.84","25,972.28","653.59M","1.84%"
"2022年06月20日","25,771.22","26,156.62","26,156.62","25,520.23","721.76M","-0.74%"
"2022年06月17日","25,963.00","25,988.20","26,072.35","25,720.80","1.15B","-1.77%"
"2022年06月16日","26,431.20","26,715.52","26,947.70","26,431.20","678.27M","0.40%"
"2022年06月15日","26,326.16","26,625.68","26,638.76","26,321.68","727.41M","-1.14%"
"2022年06月14日","26,629.86","26,555.75","26,657.92","26,357.90","750.15M","-1.32%"
"2022年06月13日","26,987.44","27,369.66","27,389.30","26,948.22","713.59M","-3.01%"
"2022年06月10日","27,824.29","27,996.35","28,044.45","27,795.17","797.50M","-1.49%"
"2022年06月09日","28,246.53","28,189.35","28,389.75","28,189.35","803.04M","0.04%"
"2022年06月08日","28,234.29","28,100.26","28,234.29","28,089.78","786.80M","1.04%"
"2022年06月07日","27,943.95","27,984.79","28,094.73","27,863.38","682.52M","0.10%"
"2022年06月06日","27,915.89","27,549.64","27,979.54","27,523.95","567.65M","0.56%"
"2022年06月03日","27,761.57","27,660.62","27,776.33","27,614.86","636.78M","1.27%"
"2022年06月02日","27,413.88","27,340.52","27,450.47","27,251.24","636.44M","-0.16%"
"2022年06月01日","27,457.89","27,295.63","27,482.31","27,295.42","757.60M","0.65%"
"2022年05月31日","27,279.80","27,318.09","27,463.33","27,250.70","1.42B","-0.33%"
"2022年05月30日","27,369.43","27,092.82","27,401.24","27,057.20","969.58M","2.19%"
"2022年05月27日","26,781.68","26,947.80","26,996.70","26,731.60","693.12M","0.66%"
"2022年05月26日","26,604.84","26,685.02","26,898.75","26,597.97","645.12M","-0.27%"
"2022年05月25日","26,677.80","26,711.53","26,795.89","26,578.03","723.40M","-0.26%"
"2022年05月24日","26,748.14","27,005.43","27,005.43","26,736.01","674.41M","-0.94%"
"2022年05月23日","27,001.52","26,991.42","27,047.47","26,832.65","650.27M","0.98%"
"2022年05月20日","26,739.03","26,448.23","26,769.20","26,426.99","763.41M","1.27%"
"2022年05月19日","26,402.84","26,435.32","26,458.85","26,150.09","745.04M","-1.89%"
"2022年05月18日","26,911.20","26,826.82","27,053.18","26,741.34","746.71M","0.94%"
"2022年05月17日","26,659.75","26,555.23","26,709.26","26,440.62","789.29M","0.42%"
"2022年05月16日","26,547.05","26,753.37","26,836.96","26,438.61","869.88M","0.45%"
"2022年05月13日","26,427.65","25,918.80","26,479.93","25,904.40","1.04B","2.64%"
"2022年05月12日","25,748.72","25,945.04","26,028.36","25,688.11","911.68M","-1.77%"
"2022年05月11日","26,213.64","26,045.38","26,290.62","26,003.26","858.64M","0.18%"
"2022年05月10日","26,167.10","26,149.06","26,246.63","25,773.83","807.62M","-0.58%"
"2022年05月09日","26,319.34","26,705.32","26,732.61","26,309.22","795.32M","-2.53%"
"2022年05月06日","27,003.56","26,784.29","27,072.59","26,543.29","984.98M","0.69%"
"2022年05月02日","26,818.53","26,851.10","26,964.59","26,610.86","-","-0.11%"
"2022年04月28日","26,847.90","26,430.28","26,876.95","26,348.36","867.04M","1.75%"
"2022年04月27日","26,386.63","26,313.14","26,406.62","26,051.04","973.01M","-1.17%"
"2022年04月26日","26,700.11","26,743.21","26,808.99","26,592.99","-","0.41%"
"2022年04月25日","26,590.78","26,692.48","26,764.48","26,487.84","626.82M","-1.90%"
"2022年04月22日","27,105.26","27,197.80","27,205.83","26,904.38","584.65M","-1.63%"
"2022年04月21日","27,553.06","27,259.14","27,580.64","27,252.83","623.40M","1.23%"
"2022年04月20日","27,217.85","27,210.79","27,389.84","27,066.18","723.36M","0.86%"
"2022年04月19日","26,985.09","27,096.49","27,100.59","26,777.71","605.07M","0.69%"
"2022年04月18日","26,799.71","26,831.45","26,851.80","26,571.38","483.50M","-1.08%"
"2022年04月15日","27,093.19","26,932.48","27,203.77","26,784.92","515.47M","-0.29%"
"2022年04月14日","27,172.00","26,925.64","27,200.89","26,890.68","618.42M","1.22%"
"2022年04月13日","26,843.49","26,436.06","26,885.87","26,429.47","716.29M","1.93%"
"2022年04月12日","26,334.98","26,606.87","26,674.86","26,304.08","753.18M","-1.81%"
"2022年04月11日","26,821.52","26,877.60","27,004.50","26,720.46","734.51M","-0.61%"
"2022年04月08日","26,985.80","27,097.05","27,185.23","26,764.36","780.65M","0.36%"
"2022年04月07日","26,888.57","27,032.42","27,042.49","26,801.79","711.29M","-1.69%"
"2022年04月06日","27,350.30","27,533.88","27,549.67","27,214.61","686.52M","-1.58%"
"2022年04月05日","27,787.98","27,965.94","27,965.94","27,662.28","643.00M","0.19%"
"2022年04月04日","27,736.47","27,685.65","27,754.24","27,578.81","503.46M","0.25%"
"2022年04月01日","27,665.98","27,624.11","27,738.31","27,399.48","667.54M","-0.56%"
"2022年03月31日","27,821.43","27,809.97","28,101.68","27,763.96","786.42M","-0.73%"
"2022年03月30日","28,027.25","28,250.80","28,281.45","27,736.27","834.48M","-0.80%"
"2022年03月29日","28,252.42","28,173.43","28,252.42","28,063.92","777.01M","1.10%"
"2022年03月28日","27,943.89","28,084.08","28,084.08","27,812.67","653.00M","-0.73%"
"2022年03月25日","28,149.84","28,338.81","28,338.81","27,946.79","674.03M","0.14%"
"2022年03月24日","28,110.39","27,693.77","28,110.39","27,624.62","716.04M","0.25%"
"2022年03月23日","28,040.16","27,606.79","28,056.20","27,604.37","882.01M","3.00%"
"2022年03月22日","27,224.11","27,091.32","27,284.47","27,076.33","979.85M","1.48%"
"2022年03月18日","26,827.43","26,649.50","26,862.43","26,592.98","1.08B","0.65%"
"2022年03月17日","26,652.89","26,170.38","26,702.94","26,152.89","896.41M","3.46%"
"2022年03月16日","25,762.01","25,574.90","25,824.94","25,470.46","823.42M","1.64%"
"2022年03月15日","25,346.48","25,228.53","25,441.67","25,219.13","732.02M","0.15%"
"2022年03月14日","25,307.85","25,338.64","25,631.01","25,299.64","725.83M","0.58%"
"2022年03月11日","25,162.78","25,495.03","25,503.65","24,966.50","895.95M","-2.05%"
"2022年03月10日","25,690.40","25,108.47","25,720.31","25,099.85","952.29M","3.94%"
"2022年03月09日","24,717.53","24,876.49","25,084.08","24,681.74","915.25M","-0.30%"
"2022年03月08日","24,790.95","24,974.35","25,291.33","24,767.33","1.15B","-1.71%"
"2022年03月07日","25,221.41","25,634.09","25,640.41","25,006.26","1.05B","-2.94%"
"2022年03月04日","25,985.47","26,421.85","26,421.85","25,774.28","935.30M","-2.23%"
"2022年03月03日","26,577.27","26,628.87","26,704.85","26,496.72","747.89M","0.70%"
"2022年03月02日","26,393.03","26,532.20","26,585.30","26,313.72","877.11M","-1.68%"
"2022年03月01日","26,844.72","26,836.74","27,013.26","26,821.75","740.24M","1.20%"
"2022年02月28日","26,526.82","26,457.52","26,644.56","26,262.63","910.56M","0.19%"
"2022年02月25日","26,476.50","26,213.20","26,481.60","26,160.19","775.80M","1.95%"
"2022年02月24日","25,970.82","26,281.35","26,357.58","25,775.64","935.36M","-1.81%"
"2022年02月22日","26,449.61","26,515.45","26,550.14","26,243.73","673.11M","-1.71%"
"2022年02月21日","26,910.87","26,771.58","26,998.47","26,549.00","529.04M","-0.78%"
"2022年02月18日","27,122.07","26,895.16","27,216.16","26,792.54","635.33M","-0.41%"
"2022年02月17日","27,232.87","27,431.42","27,438.74","27,080.92","677.82M","-0.83%"
"2022年02月16日","27,460.40","27,269.05","27,486.09","27,227.24","641.24M","2.22%"
"2022年02月15日","26,865.19","27,183.56","27,205.20","26,724.91","761.72M","-0.79%"
"2022年02月14日","27,079.59","27,305.92","27,325.50","26,947.65","797.74M","-2.23%"
"2022年02月10日","27,696.08","27,818.10","27,880.70","27,575.07","828.74M","0.42%"
"2022年02月09日","27,579.87","27,488.65","27,633.10","27,405.88","934.78M","1.08%"
"2022年02月08日","27,284.52","27,318.30","27,461.33","27,280.25","766.03M","0.13%"
"2022年02月07日","27,248.87","27,327.63","27,369.68","27,085.32","770.96M","-0.70%"
"2022年02月04日","27,439.99","27,095.90","27,455.98","27,075.99","796.06M","0.73%"
"2022年02月03日","27,241.31","27,330.96","27,357.33","27,165.93","810.74M","-1.06%"
"2022年02月02日","27,533.60","27,302.99","27,564.62","27,289.16","852.10M","1.68%"
"2022年02月01日","27,078.48","27,167.14","27,410.79","27,016.71","811.32M","0.28%"
"2022年01月31日","27,001.98","26,690.60","27,134.57","26,541.65","782.88M","1.07%"
"2022年01月28日","26,717.34","26,429.85","26,764.85","26,289.69","759.87M","2.09%"
"2022年01月27日","26,170.30","27,139.88","27,193.59","26,044.52","887.38M","-3.11%"
"2022年01月26日","27,011.33","27,105.98","27,184.54","26,858.68","604.68M","-0.44%"
"2022年01月25日","27,131.34","27,466.82","27,493.75","26,890.94","769.68M","-1.66%"
"2022年01月24日","27,588.37","27,258.45","27,627.60","27,203.33","610.19M","0.24%"
"2022年01月21日","27,522.26","27,404.36","27,586.42","27,129.61","727.50M","-0.90%"
"2022年01月20日","27,772.93","27,401.43","27,882.53","27,217.59","740.21M","1.11%"
"2022年01月19日","27,467.23","27,928.89","27,958.17","27,314.41","842.98M","-2.80%"
"2022年01月18日","28,257.25","28,451.34","28,690.34","28,129.66","713.13M","-0.27%"
"2022年01月17日","28,333.52","28,332.72","28,449.99","28,274.18","544.80M","0.74%"
"2022年01月14日","28,124.28","28,246.99","28,252.96","27,889.21","820.67M","-1.28%"
"2022年01月13日","28,489.13","28,658.22","28,660.45","28,444.96","698.81M","-0.96%"
"2022年01月12日","28,765.66","28,449.53","28,814.31","28,427.60","725.48M","1.92%"
"2022年01月11日","28,222.48","28,380.90","28,473.47","28,089.49","737.06M","-0.90%"
"2022年01月07日","28,478.56","28,711.53","28,813.09","28,293.70","751.71M","-0.03%"
"2022年01月06日","28,487.87","29,136.75","29,158.95","28,487.87","715.91M","-2.88%"
"2022年01月05日","29,332.16","29,288.80","29,388.16","29,204.45","786.26M","0.10%"
"2022年01月04日","29,301.79","29,098.41","29,323.79","28,954.56","660.37M","1.77%"
"2021年12月30日","28,791.71","28,794.24","28,904.42","28,579.49","403.89M","-0.40%"
"2021年12月29日","28,906.88","28,995.73","29,106.28","28,729.61","447.11M","-0.56%"
"2021年12月28日","29,069.16","28,953.32","29,121.01","28,879.68","470.40M","1.37%"
"2021年12月27日","28,676.46","28,786.33","28,805.28","28,658.82","374.87M","-0.37%"
"2021年12月24日","28,782.59","28,836.05","28,870.13","28,773.50","359.09M","-0.05%"
"2021年12月23日","28,798.37","28,703.01","28,798.37","28,640.15","435.64M","0.83%"
"2021年12月22日","28,562.21","28,614.06","28,673.77","28,473.85","446.53M","0.16%"
"2021年12月21日","28,517.59","28,309.60","28,533.74","28,226.43","557.82M","2.08%"
"2021年12月20日","27,937.81","28,325.46","28,441.51","27,893.18","651.77M","-2.13%"
"2021年12月17日","28,545.68","28,854.60","28,904.94","28,503.08","844.50M","-1.79%"
"2021年12月16日","29,066.32","28,868.37","29,070.08","28,782.19","602.66M","2.13%"
"2021年12月15日","28,459.72","28,358.47","28,525.83","28,358.47","558.78M","0.10%"
"2021年12月14日","28,432.64","28,554.86","28,672.96","28,309.67","552.50M","-0.73%"
"2021年12月13日","28,640.49","28,705.26","28,793.32","28,593.45","535.38M","0.71%"
"2021年12月10日","28,437.77","28,542.50","28,699.01","28,392.87","633.62M","-1.00%"
"2021年12月09日","28,725.47","28,827.32","28,908.29","28,725.47","543.77M","-0.47%"
"2021年12月08日","28,860.62","28,792.89","28,897.44","28,621.47","719.88M","1.42%"
"2021年12月07日","28,455.60","28,138.82","28,618.46","27,961.66","782.69M","1.89%"
"2021年12月06日","27,927.37","28,069.96","28,081.04","27,693.91","616.86M","-0.36%"
"2021年12月03日","28,029.57","27,841.05","28,029.57","27,588.61","719.09M","1.00%"
"2021年12月02日","27,753.37","27,716.20","27,938.55","27,644.96","774.20M","-0.65%"
"2021年12月01日","27,935.62","27,866.73","28,106.30","27,594.01","808.76M","0.41%"
"2021年11月30日","27,821.76","28,611.73","28,718.70","27,819.14","1.41B","-1.63%"
"2021年11月29日","28,283.92","28,337.96","28,776.34","28,187.12","859.12M","-1.63%"
"2021年11月26日","28,751.62","29,324.47","29,332.99","28,605.61","728.75M","-2.53%"
"2021年11月25日","29,499.28","29,469.65","29,570.42","29,444.45","507.12M","0.67%"
"2021年11月24日","29,302.66","29,663.45","29,758.05","29,212.93","695.30M","-1.58%"
"2021年11月22日","29,774.11","29,618.55","29,806.49","29,542.29","587.71M","0.09%"
"2021年11月19日","29,745.87","29,641.05","29,768.54","29,589.19","655.73M","0.50%"
"2021年11月18日","29,598.66","29,597.93","29,715.95","29,402.57","654.09M","-0.30%"
"2021年11月17日","29,688.33","29,906.68","29,909.97","29,623.79","639.04M","-0.40%"
"2021年11月16日","29,808.12","29,749.71","29,960.93","29,681.25","619.85M","0.11%"
"2021年11月15日","29,776.80","29,807.37","29,861.88","29,718.21","604.25M","0.56%"
"2021年11月12日","29,609.97","29,381.45","29,661.22","29,381.45","684.04M","1.13%"
"2021年11月11日","29,277.86","29,046.19","29,336.03","29,040.08","605.68M","0.59%"
"2021年11月10日","29,106.78","29,209.06","29,296.88","29,079.77","638.90M","-0.61%"
"2021年11月09日","29,285.46","29,557.55","29,750.46","29,240.31","650.45M","-0.75%"
"2021年11月08日","29,507.05","29,735.45","29,735.45","29,507.05","683.47M","-0.35%"
"2021年11月05日","29,611.57","29,840.73","29,840.73","29,504.07","735.08M","-0.61%"
"2021年11月04日","29,794.37","29,859.74","29,880.81","29,718.78","904.00M","0.93%"
"2021年11月02日","29,520.90","29,462.40","29,599.57","29,457.18","711.16M","-0.43%"
"2021年11月01日","29,647.08","29,330.68","29,666.83","29,267.63","767.31M","2.61%"
"2021年10月29日","28,892.69","28,819.16","29,000.65","28,475.06","1.04B","0.25%"
"2021年10月28日","28,820.09","28,871.61","28,895.11","28,693.06","1.43B","-0.96%"
"2021年10月27日","29,098.24","29,056.01","29,139.22","28,870.25","705.99M","-0.03%"
"2021年10月26日","29,106.01","28,927.61","29,160.76","28,893.95","727.76M","1.77%"
"2021年10月25日","28,600.41","28,527.13","28,668.70","28,472.55","626.68M","-0.71%"
"2021年10月22日","28,804.85","28,578.53","28,989.50","28,546.57","602.06M","0.34%"
"2021年10月21日","28,708.58","29,152.74","29,220.82","28,688.78","591.46M","-1.87%"
"2021年10月20日","29,255.55","29,385.95","29,489.11","29,222.32","661.08M","0.14%"
"2021年10月19日","29,215.52","29,117.28","29,272.49","29,075.37","576.45M","0.65%"
"2021年10月18日","29,025.46","29,093.82","29,144.33","28,924.40","625.65M","-0.15%"
"2021年10月15日","29,068.63","28,787.26","29,082.35","28,726.22","663.48M","1.81%"
"2021年10月14日","28,550.93","28,264.41","28,576.68","28,234.01","647.53M","1.46%"
"2021年10月13日","28,140.28","28,085.44","28,364.99","27,993.46","639.33M","-0.32%"
"2021年10月12日","28,230.61","28,458.88","28,468.88","28,166.38","663.19M","-0.94%"
"2021年10月11日","28,498.20","27,977.57","28,581.36","27,893.32","722.98M","1.60%"
"2021年10月08日","28,048.94","28,031.37","28,321.35","28,018.89","826.66M","1.34%"
"2021年10月07日","27,678.21","27,665.97","28,015.11","27,607.97","795.51M","0.54%"
"2021年10月06日","27,528.87","28,033.91","28,209.82","27,293.62","1.00B","-1.05%"
"2021年10月05日","27,822.12","28,050.39","28,058.67","27,460.29","881.94M","-2.19%"
"2021年10月04日","28,444.89","29,044.47","29,046.06","28,343.58","764.01M","-1.13%"
"2021年10月01日","28,771.07","29,235.11","29,393.67","28,680.73","821.61M","-2.31%"
"2021年09月30日","29,452.66","29,569.19","29,622.27","29,311.34","990.27M","-0.31%"
"2021年09月29日","29,544.29","29,611.92","29,679.26","29,329.16","946.52M","-2.12%"
"2021年09月28日","30,183.96","30,142.38","30,207.63","30,001.99","898.06M","-0.19%"
"2021年09月27日","30,240.06","30,277.82","30,414.61","30,197.40","746.36M","-0.03%"
"2021年09月24日","30,248.81","30,141.61","30,276.38","30,110.30","845.85M","2.06%"
"2021年09月22日","29,639.40","29,744.73","29,868.10","29,573.88","689.91M","-0.67%"
"2021年09月21日","29,839.71","30,021.25","30,051.00","29,832.52","763.11M","-2.17%"
"2021年09月17日","30,500.05","30,387.54","30,541.99","30,358.93","978.60M","0.58%"
"2021年09月16日","30,323.34","30,606.15","30,622.39","30,202.51","698.64M","-0.62%"
"2021年09月15日","30,511.71","30,464.17","30,573.41","30,347.30","685.56M","-0.52%"
"2021年09月14日","30,670.10","30,584.77","30,795.78","30,504.81","790.95M","0.73%"
"2021年09月13日","30,447.37","30,372.02","30,447.37","30,229.01","646.30M","0.22%"
"2021年09月10日","30,381.84","30,089.45","30,381.84","30,064.02","888.24M","1.25%"
"2021年09月09日","30,008.19","29,959.21","30,097.56","29,909.92","788.05M","-0.57%"
"2021年09月08日","30,181.21","29,819.55","30,241.87","29,787.13","825.31M","0.89%"
"2021年09月07日","29,916.14","29,883.92","30,048.23","29,838.43","751.54M","0.86%"
"2021年09月06日","29,659.89","29,501.22","29,705.04","29,469.35","682.79M","1.83%"
"2021年09月03日","29,128.11","28,626.48","29,149.65","28,607.87","748.76M","2.05%"
"2021年09月02日","28,543.51","28,522.46","28,626.20","28,412.91","601.42M","0.33%"
"2021年09月01日","28,451.02","28,179.04","28,457.67","28,179.04","648.04M","1.29%"
"2021年08月31日","28,089.54","27,690.77","28,158.95","27,602.21","758.54M","1.08%"
"2021年08月30日","27,789.29","27,867.60","27,921.55","27,656.63","586.30M","0.54%"
"2021年08月27日","27,641.14","27,581.24","27,670.66","27,481.23","492.12M","-0.36%"
"2021年08月26日","27,742.29","27,793.63","27,828.28","27,684.50","484.91M","0.06%"
"2021年08月25日","27,724.80","27,768.13","27,897.72","27,684.05","514.64M","-0.03%"
"2021年08月24日","27,732.10","27,653.23","27,817.89","27,653.23","570.72M","0.87%"
"2021年08月23日","27,494.24","27,193.10","27,541.63","27,193.10","567.82M","1.78%"
"2021年08月20日","27,013.25","27,238.45","27,316.79","26,954.81","758.03M","-0.98%"
"2021年08月19日","27,281.17","27,398.58","27,504.80","27,255.58","651.28M","-1.10%"
"2021年08月18日","27,585.91","27,418.08","27,671.57","27,347.77","500.51M","0.59%"
"2021年08月17日","27,424.47","27,666.94","27,750.39","27,424.47","495.70M","-0.36%"
"2021年08月16日","27,523.19","27,806.11","27,833.21","27,427.38","571.88M","-1.62%"
"2021年08月13日","27,977.15","28,038.96","28,070.00","27,949.33","558.18M","-0.14%"
"2021年08月12日","28,015.02","28,177.20","28,279.80","28,006.31","579.36M","-0.20%"
"2021年08月11日","28,070.51","28,045.84","28,146.68","27,974.99","671.47M","0.65%"
"2021年08月10日","27,888.15","27,887.03","28,128.61","27,808.54","614.31M","0.24%"
"2021年08月06日","27,820.04","27,709.22","27,888.87","27,709.22","563.74M","0.33%"
"2021年08月05日","27,728.12","27,526.67","27,741.55","27,526.67","559.20M","0.52%"
"2021年08月04日","27,584.08","27,612.90","27,636.34","27,488.74","675.05M","-0.21%"
"2021年08月03日","27,641.83","27,580.03","27,724.45","27,492.40","579.45M","-0.50%"
"2021年08月02日","27,781.02","27,493.32","27,834.60","27,493.32","600.89M","1.82%"
"2021年07月30日","27,283.59","27,677.89","27,699.35","27,272.49","706.42M","-1.80%"
"2021年07月29日","27,782.42","27,722.61","27,798.05","27,663.41","677.83M","0.73%"
"2021年07月28日","27,581.66","27,674.99","27,809.86","27,466.99","570.86M","-1.39%"
"2021年07月27日","27,970.22","27,911.93","28,036.23","27,862.69","517.00M","0.49%"
"2021年07月26日","27,833.29","27,990.47","28,036.47","27,786.44","545.42M","1.04%"
"2021年07月21日","27,548.00","27,747.06","27,882.43","27,438.07","514.11M","0.58%"
"2021年07月20日","27,388.16","27,351.80","27,564.52","27,330.15","630.10M","-0.96%"
"2021年07月19日","27,652.74","27,663.40","27,792.52","27,493.63","498.79M","-1.25%"
"2021年07月16日","28,003.08","28,039.26","28,201.30","27,847.35","503.83M","-0.98%"
"2021年07月15日","28,279.09","28,539.32","28,571.72","28,240.21","532.04M","-1.15%"
"2021年07月14日","28,608.49","28,517.31","28,696.80","28,482.82","548.27M","-0.38%"
"2021年07月13日","28,718.24","28,713.82","28,852.31","28,699.04","497.93M","0.52%"
"2021年07月12日","28,569.02","28,412.70","28,595.12","28,405.60","555.42M","2.25%"
"2021年07月09日","27,940.42","27,739.42","28,000.02","27,419.40","823.23M","-0.63%"
"2021年07月08日","28,118.03","28,332.63","28,366.76","28,118.03","622.20M","-0.88%"
"2021年07月07日","28,366.95","28,262.40","28,434.99","28,161.75","603.36M","-0.96%"
"2021年07月06日","28,643.21","28,677.95","28,748.23","28,587.61","417.42M","0.16%"
"2021年07月05日","28,598.19","28,709.57","28,731.07","28,581.08","384.61M","-0.64%"
"2021年07月02日","28,783.28","28,719.24","28,849.32","28,688.63","474.72M","0.27%"
"2021年07月01日","28,707.04","28,832.41","28,833.17","28,624.80","458.89M","-0.29%"
"2021年06月30日","28,791.53","28,896.31","28,998.99","28,779.76","539.68M","-0.07%"
"2021年06月29日","28,812.61","28,927.44","28,951.68","28,735.55","597.27M","-0.81%"
"2021年06月28日","29,048.02","29,112.66","29,121.28","28,984.93","476.82M","-0.06%"
"2021年06月25日","29,066.18","29,137.30","29,174.17","28,992.74","515.61M","0.66%"
"2021年06月24日","28,875.23","28,811.82","28,935.34","28,758.37","446.19M","0.00%"
"2021年06月23日","28,874.89","28,886.92","29,007.83","28,860.06","510.55M","-0.03%"
"2021年06月22日","28,884.13","28,513.07","28,895.26","28,494.46","677.73M","3.12%"
"2021年06月21日","28,010.93","28,506.84","28,506.84","27,795.86","758.20M","-3.29%"
"2021年06月18日","28,964.08","29,136.74","29,136.74","28,957.98","902.16M","-0.19%"
"2021年06月17日","29,018.33","29,149.34","29,197.68","28,875.39","568.70M","-0.93%"
"2021年06月16日","29,291.01","29,306.14","29,434.10","29,263.72","524.10M","-0.51%"
"2021年06月15日","29,441.30","29,256.03","29,480.85","29,235.71","530.41M","0.96%"
"2021年06月14日","29,161.80","29,153.11","29,208.35","29,026.27","450.30M","0.74%"
"2021年06月11日","28,948.73","29,030.04","29,080.89","28,839.54","710.66M","-0.03%"
"2021年06月10日","28,958.56","28,799.74","29,007.53","28,799.74","533.39M","0.34%"
"2021年06月09日","28,860.80","28,901.56","28,932.03","28,801.83","503.98M","-0.35%"
"2021年06月08日","28,963.56","29,046.03","29,140.68","28,897.64","504.18M","-0.19%"
"2021年06月07日","29,019.24","29,214.00","29,241.20","28,973.05","509.56M","0.27%"
"2021年06月04日","28,941.52","28,901.42","28,991.24","28,764.68","557.89M","-0.40%"
"2021年06月03日","29,058.11","28,890.39","29,157.16","28,879.15","585.37M","0.39%"
"2021年06月02日","28,946.14","28,730.81","29,003.55","28,565.83","710.02M","0.46%"
"2021年06月01日","28,814.34","28,998.65","29,075.47","28,611.25","473.77M","-0.16%"
"2021年05月31日","28,860.08","29,019.45","29,147.71","28,791.60","537.88M","-0.99%"
"2021年05月28日","29,149.41","28,912.54","29,194.11","28,899.66","805.70M","2.10%"
"2021年05月27日","28,549.01","28,543.32","28,587.21","28,360.56","1.38B","-0.33%"
"2021年05月26日","28,642.19","28,396.62","28,710.83","28,396.62","641.63M","0.31%"
"2021年05月25日","28,553.98","28,516.99","28,576.97","28,443.74","539.91M","0.67%"
"2021年05月24日","28,364.61","28,212.32","28,584.18","28,212.32","546.71M","0.17%"
"2021年05月21日","28,317.83","28,269.61","28,411.56","28,193.03","586.64M","0.78%"
"2021年05月20日","28,098.25","27,875.50","28,176.87","27,821.96","568.20M","0.19%"
"2021年05月19日","28,044.45","28,031.22","28,216.65","27,842.98","686.80M","-1.28%"
"2021年05月18日","28,406.84","27,931.57","28,481.17","27,931.57","746.56M","2.09%"
"2021年05月17日","27,824.83","28,310.46","28,312.78","27,632.53","638.82M","-0.92%"
"2021年05月14日","28,084.47","27,723.70","28,139.96","27,723.70","735.40M","2.32%"
"2021年05月13日","27,448.01","27,929.01","27,961.96","27,385.03","804.89M","-2.49%"
"2021年05月12日","28,147.51","28,712.10","28,831.03","27,888.59","899.92M","-1.61%"
"2021年05月11日","28,608.59","29,238.56","29,289.12","28,535.36","731.70M","-3.08%"
"2021年05月10日","29,518.34","29,376.89","29,685.41","29,346.14","662.98M","0.55%"
"2021年05月07日","29,357.82","29,330.45","29,449.86","29,237.36","675.50M","0.09%"
"2021年05月06日","29,331.37","29,024.01","29,430.22","28,966.47","943.04M","1.80%"
"2021年04月30日","28,812.63","28,996.66","29,046.49","28,760.27","783.83M","-0.83%"
"2021年04月28日","29,053.97","28,935.51","29,139.70","28,875.91","614.23M","0.21%"
"2021年04月27日","28,991.89","29,174.53","29,187.11","28,990.19","594.24M","-0.46%"
"2021年04月26日","29,126.23","29,095.49","29,241.28","28,896.37","492.02M","0.36%"
"2021年04月23日","29,020.63","28,939.12","29,035.34","28,770.62","474.50M","-0.57%"
"2021年04月22日","29,188.17","28,880.78","29,192.39","28,800.86","550.71M","2.38%"
"2021年04月21日","28,508.55","28,660.36","28,778.93","28,419.84","709.98M","-2.03%"
"2021年04月20日","29,100.38","29,355.87","29,361.28","29,014.36","598.82M","-1.97%"
"2021年04月19日","29,685.37","29,688.32","29,808.01","29,530.84","446.99M","0.01%"
"2021年04月16日","29,683.37","29,789.08","29,789.08","29,621.83","490.83M","0.14%"
"2021年04月15日","29,642.69","29,573.90","29,787.66","29,558.55","506.21M","0.07%"
"2021年04月14日","29,620.99","29,718.06","29,722.40","29,567.18","571.69M","-0.44%"
"2021年04月13日","29,751.61","29,605.69","29,897.11","29,573.79","548.88M","0.72%"
"2021年04月12日","29,538.73","29,874.43","29,876.04","29,538.73","501.94M","-0.77%"
"2021年04月09日","29,768.06","29,865.53","30,064.35","29,768.06","648.75M","0.20%"
"2021年04月08日","29,708.98","29,675.88","29,744.79","29,516.42","625.99M","-0.07%"
"2021年04月07日","29,730.79","29,743.48","29,867.94","29,523.55","615.39M","0.12%"
"2021年04月06日","29,696.63","30,208.89","30,208.89","29,665.86","655.22M","-1.30%"
"2021年04月05日","30,089.25","30,084.61","30,195.00","30,024.25","553.63M","0.79%"
"2021年04月02日","29,854.00","29,704.66","29,869.67","29,694.09","571.99M","1.58%"
"2021年04月01日","29,388.87","29,441.91","29,585.46","29,318.82","756.39M","0.72%"
"2021年03月31日","29,178.80","29,278.33","29,348.99","29,165.52","820.05M","-0.86%"
"2021年03月30日","29,432.70","29,365.04","29,478.20","29,283.89","798.78M","0.16%"
"2021年03月29日","29,384.52","29,478.12","29,578.37","29,200.88","1.08B","0.71%"
"2021年03月26日","29,176.70","29,068.52","29,240.74","28,953.22","736.54M","1.56%"
"2021年03月25日","28,729.88","28,457.33","28,821.83","28,414.92","728.19M","1.14%"
"2021年03月24日","28,405.52","28,765.55","28,867.67","28,379.06","959.88M","-2.04%"
"2021年03月23日","28,995.92","29,381.49","29,496.83","28,995.92","792.03M","-0.61%"
"2021年03月22日","29,174.15","29,444.10","29,472.98","29,107.63","788.14M","-2.07%"
"2021年03月19日","29,792.05","29,904.57","30,049.77","29,621.22","1.29B","-1.41%"
"2021年03月18日","30,216.75","30,148.48","30,485.00","30,041.50","953.91M","1.01%"
"2021年03月17日","29,914.33","29,836.83","29,984.97","29,825.16","746.26M","-0.02%"
"2021年03月16日","29,921.09","29,770.39","30,026.40","29,755.47","837.53M","0.52%"
"2021年03月15日","29,766.97","29,804.50","29,884.73","29,670.31","940.73M","0.17%"
"2021年03月12日","29,717.83","29,287.74","29,744.32","29,210.40","966.36M","1.73%"
"2021年03月11日","29,211.64","29,033.92","29,255.42","28,995.33","784.58M","0.60%"
"2021年03月10日","29,036.56","29,118.28","29,233.47","28,960.09","830.16M","0.03%"
"2021年03月09日","29,027.94","28,748.87","29,053.56","28,609.21","967.25M","0.99%"
"2021年03月08日","28,743.25","29,208.19","29,255.90","28,644.26","923.78M","-0.42%"
"2021年03月05日","28,864.32","28,725.48","28,867.83","28,308.57","857.75M","-0.23%"
"2021年03月04日","28,930.11","29,198.42","29,277.19","28,711.04","751.88M","-2.13%"
"2021年03月03日","29,559.10","29,482.12","29,604.37","29,336.60","688.12M","0.51%"
"2021年03月02日","29,408.17","29,939.75","29,996.39","29,314.82","701.35M","-0.86%"
"2021年03月01日","29,663.50","29,419.45","29,686.39","29,396.04","626.60M","2.41%"
"2021年02月26日","28,966.01","29,753.73","29,760.31","28,966.01","929.34M","-3.99%"
"2021年02月25日","30,168.27","30,077.27","30,213.28","30,044.43","700.55M","1.67%"
"2021年02月24日","29,671.70","30,020.11","30,089.59","29,671.70","792.90M","-1.61%"
"2021年02月22日","30,156.03","30,281.78","30,458.13","30,089.18","628.04M","0.46%"
"2021年02月19日","30,017.92","29,970.59","30,169.59","29,847.33","637.49M","-0.72%"
"2021年02月18日","30,236.09","30,311.98","30,560.49","30,140.01","779.35M","-0.19%"
"2021年02月17日","30,292.19","30,366.82","30,398.20","30,191.01","747.81M","-0.58%"
"2021年02月16日","30,467.75","30,229.46","30,714.52","30,191.65","812.60M","1.28%"
"2021年02月15日","30,084.15","29,662.41","30,092.34","29,662.41","703.36M","1.91%"
"2021年02月12日","29,520.07","29,635.88","29,650.51","29,417.32","797.95M","-0.14%"
"2021年02月10日","29,562.93","29,412.55","29,562.93","29,368.18","811.10M","0.19%"
"2021年02月09日","29,505.93","29,435.61","29,585.75","29,350.48","868.79M","0.40%"
"2021年02月08日","29,388.50","28,831.58","29,400.56","28,817.60","935.74M","2.12%"
"2021年02月05日","28,779.19","28,631.46","28,785.71","28,548.27","931.94M","1.54%"
"2021年02月04日","28,341.95","28,557.46","28,600.22","28,325.89","810.88M","-1.06%"
"2021年02月03日","28,646.50","28,482.71","28,669.95","28,402.30","839.84M","1.00%"
"2021年02月02日","28,362.17","28,207.48","28,379.31","28,089.12","675.37M","0.97%"
"2021年02月01日","28,091.05","27,649.07","28,107.10","27,649.07","656.89M","1.55%"
"2021年01月29日","27,663.39","28,320.72","28,320.72","27,629.80","917.38M","-1.89%"
"2021年01月28日","28,197.42","28,169.27","28,360.48","27,975.85","1.24B","-1.53%"
"2021年01月27日","28,635.21","28,665.34","28,754.99","28,542.00","690.16M","0.31%"
"2021年01月26日","28,546.18","28,696.30","28,740.71","28,527.81","634.87M","-0.96%"
"2021年01月25日","28,822.29","28,698.89","28,822.29","28,566.85","573.49M","0.67%"
"2021年01月22日","28,631.45","28,580.20","28,698.18","28,527.16","669.45M","-0.44%"
"2021年01月21日","28,756.86","28,710.41","28,846.15","28,677.61","676.62M","0.82%"
"2021年01月20日","28,523.26","28,798.74","28,801.19","28,402.11","697.92M","-0.38%"
"2021年01月19日","28,633.46","28,405.49","28,720.91","28,373.34","581.76M","1.39%"
"2021年01月18日","28,242.21","28,238.68","28,349.97","28,111.54","519.15M","-0.97%"
"2021年01月15日","28,519.18","28,777.47","28,820.50","28,477.03","741.16M","-0.62%"
"2021年01月14日","28,698.26","28,442.73","28,979.53","28,411.58","819.13M","0.85%"
"2021年01月13日","28,456.59","28,140.10","28,503.43","28,133.59","708.57M","1.04%"
"2021年01月12日","28,164.34","28,004.37","28,287.37","27,899.45","788.40M","0.09%"
"2021年01月08日","28,139.03","27,720.14","28,139.03","27,667.75","848.72M","2.36%"
"2021年01月07日","27,490.13","27,340.46","27,624.73","27,340.46","988.56M","1.60%"
"2021年01月06日","27,055.94","27,102.85","27,196.40","27,002.18","726.61M","-0.38%"
"2021年01月05日","27,158.63","27,151.38","27,279.78","27,073.46","550.01M","-0.37%"
"2021年01月04日","27,258.38","27,575.57","27,602.11","27,042.32","515.06M","-0.68%"
"2020年12月30日","27,444.17","27,559.10","27,572.57","27,338.56","505.87M","-0.45%"
"2020年12月29日","27,568.15","26,936.38","27,602.52","26,921.14","594.33M","2.66%"
"2020年12月28日","26,854.03","26,691.29","26,854.03","26,664.60","506.67M","0.74%"
"2020年12月25日","26,656.61","26,708.10","26,716.61","26,638.28","333.99M","-0.04%"
"2020年12月24日","26,668.35","26,635.11","26,764.53","26,605.26","479.33M","0.54%"
"2020年12月23日","26,524.79","26,580.43","26,585.21","26,414.74","560.12M","0.33%"
"2020年12月22日","26,436.39","26,559.33","26,639.99","26,361.66","586.45M","-1.04%"
"2020年12月21日","26,714.42","26,834.10","26,905.67","26,533.63","607.19M","-0.18%"
"2020年12月18日","26,763.39","26,775.53","26,824.29","26,707.30","737.84M","-0.16%"
"2020年12月17日","26,806.67","26,744.50","26,843.05","26,676.28","614.94M","0.18%"
"2020年12月16日","26,757.40","26,835.59","26,874.98","26,717.03","613.31M","0.26%"
"2020年12月15日","26,687.84","26,683.11","26,736.84","26,605.54","593.32M","-0.17%"
"2020年12月14日","26,732.44","26,659.53","26,870.47","26,648.69","599.61M","0.30%"
"2020年12月11日","26,652.52","26,732.85","26,819.41","26,553.01","748.74M","-0.39%"
"2020年12月10日","26,756.24","26,688.50","26,852.77","26,639.98","692.46M","-0.23%"
"2020年12月09日","26,817.94","26,526.34","26,826.78","26,520.60","618.49M","1.33%"
"2020年12月08日","26,467.08","26,380.32","26,523.30","26,327.08","550.56M","-0.30%"
"2020年12月07日","26,547.44","26,894.25","26,894.25","26,500.32","615.83M","-0.76%"
"2020年12月04日","26,751.24","26,697.26","26,799.83","26,646.08","616.22M","-0.22%"
"2020年12月03日","26,809.37","26,740.30","26,868.09","26,719.23","694.76M","0.03%"
"2020年12月02日","26,800.98","26,884.99","26,889.90","26,695.28","801.85M","0.05%"
"2020年12月01日","26,787.54","26,624.20","26,852.16","26,618.39","732.39M","1.34%"
"2020年11月30日","26,433.62","26,830.10","26,834.20","26,405.83","1.48B","-0.79%"
"2020年11月27日","26,644.71","26,530.28","26,672.40","26,419.05","862.27M","0.40%"
"2020年11月26日","26,537.31","26,255.47","26,560.03","26,255.47","635.48M","0.91%"
"2020年11月25日","26,296.86","26,468.52","26,706.42","26,258.35","925.23M","0.50%"
"2020年11月24日","26,165.59","25,901.45","26,261.78","25,901.45","817.07M","2.50%"
"2020年11月20日","25,527.37","25,486.83","25,555.37","25,425.59","634.29M","-0.42%"
"2020年11月19日","25,634.34","25,628.73","25,650.86","25,474.94","820.38M","-0.36%"
"2020年11月18日","25,728.14","25,860.55","25,882.14","25,656.70","692.44M","-1.10%"
"2020年11月17日","26,014.62","26,043.45","26,057.30","25,851.54","848.29M","0.42%"
"2020年11月16日","25,906.93","25,652.69","25,928.18","25,640.29","849.36M","2.05%"
"2020年11月13日","25,385.87","25,405.64","25,456.18","25,215.31","775.85M","-0.53%"
"2020年11月12日","25,520.88","25,439.35","25,587.96","25,316.60","805.33M","0.68%"
"2020年11月11日","25,349.60","25,145.66","25,401.30","25,145.66","1.02B","1.78%"
"2020年11月10日","24,905.59","25,087.30","25,279.94","24,833.18","1.28B","0.26%"
"2020年11月09日","24,839.84","24,568.84","24,962.80","24,541.28","670.16M","2.12%"
"2020年11月06日","24,325.23","24,076.22","24,389.00","24,039.16","731.90M","0.91%"
"2020年11月05日","24,105.28","23,776.20","24,112.42","23,756.78","786.18M","1.73%"
"2020年11月04日","23,695.23","23,619.58","23,801.88","23,505.78","816.07M","1.72%"
"2020年11月02日","23,295.48","23,110.74","23,370.91","23,096.79","697.47M","1.39%"
"2020年10月30日","22,977.13","23,320.71","23,320.71","22,948.47","766.81M","-1.52%"
"2020年10月29日","23,331.94","23,170.76","23,374.10","23,170.76","575.16M","-0.37%"
"2020年10月28日","23,418.51","23,372.61","23,451.03","23,334.23","671.40M","-0.29%"
"2020年10月27日","23,485.80","23,376.96","23,485.80","23,232.31","526.86M","-0.04%"
"2020年10月26日","23,494.34","23,520.78","23,572.60","23,475.52","416.95M","-0.09%"
"2020年10月23日","23,516.59","23,558.71","23,587.90","23,469.13","492.25M","0.18%"
"2020年10月22日","23,474.27","23,525.59","23,555.78","23,436.17","448.66M","-0.70%"
"2020年10月21日","23,639.46","23,615.52","23,702.30","23,611.33","533.29M","0.31%"
"2020年10月20日","23,567.04","23,587.87","23,674.87","23,518.29","486.74M","-0.44%"
"2020年10月19日","23,671.13","23,543.69","23,707.16","23,543.69","462.73M","1.11%"
"2020年10月16日","23,410.63","23,478.40","23,538.74","23,382.67","481.27M","-0.41%"
"2020年10月15日","23,507.23","23,548.45","23,581.16","23,458.43","483.25M","-0.51%"
"2020年10月14日","23,626.73","23,545.66","23,656.70","23,518.81","540.24M","0.11%"
"2020年10月13日","23,601.78","23,667.90","23,667.90","23,490.95","471.89M","0.18%"
"2020年10月12日","23,558.69","23,588.74","23,597.91","23,501.26","448.94M","-0.26%"
"2020年10月09日","23,619.69","23,713.86","23,725.58","23,552.73","560.94M","-0.12%"
"2020年10月08日","23,647.07","23,506.34","23,701.77","23,477.73","563.45M","0.96%"
"2020年10月07日","23,422.82","23,272.45","23,432.73","23,272.45","520.93M","-0.05%"
"2020年10月06日","23,433.73","23,420.07","23,441.16","23,331.40","576.64M","0.52%"
"2020年10月05日","23,312.14","23,254.28","23,377.43","23,252.69","594.70M","1.23%"
"2020年10月02日","23,029.90","23,294.80","23,365.58","22,951.41","862.93M","-0.67%"
"2020年10月01日","23,185.12","23,185.12","23,185.12","23,185.12","-","0.00%"
"2020年09月30日","23,185.12","23,478.85","23,522.38","23,170.89","882.18M","-1.50%"
"2020年09月29日","23,539.10","23,410.50","23,622.74","23,347.64","613.48M","0.12%"
"2020年09月28日","23,511.62","23,391.96","23,516.04","23,303.03","819.82M","1.32%"
"2020年09月25日","23,204.62","23,217.33","23,272.67","23,154.66","721.75M","0.51%"
"2020年09月24日","23,087.82","23,215.00","23,234.72","23,039.48","705.32M","-1.11%"
"2020年09月23日","23,346.49","23,245.89","23,370.13","23,154.45","769.61M","-0.06%"
"2020年09月18日","23,360.30","23,321.19","23,398.46","23,290.19","826.01M","0.18%"
"2020年09月17日","23,319.37","23,416.62","23,446.39","23,272.23","610.98M","-0.67%"
"2020年09月16日","23,475.53","23,425.23","23,506.45","23,397.43","630.21M","0.09%"
"2020年09月15日","23,454.89","23,438.83","23,477.86","23,351.35","617.63M","-0.44%"
"2020年09月14日","23,559.30","23,431.16","23,582.21","23,429.42","654.36M","0.65%"
"2020年09月11日","23,406.49","23,114.63","23,412.93","23,114.63","768.96M","0.74%"
"2020年09月10日","23,235.47","23,193.47","23,250.31","23,134.02","675.86M","0.88%"
"2020年09月09日","23,032.54","22,966.89","23,059.02","22,878.71","844.32M","-1.04%"
"2020年09月08日","23,274.13","23,188.79","23,277.66","23,129.66","621.13M","0.80%"
"2020年09月07日","23,089.95","23,145.47","23,218.22","23,086.89","572.77M","-0.50%"
"2020年09月04日","23,205.43","23,130.32","23,257.69","23,098.77","593.15M","-1.11%"
"2020年09月03日","23,465.53","23,524.49","23,580.51","23,426.11","574.65M","0.94%"
"2020年09月02日","23,247.15","23,261.09","23,287.40","23,170.82","526.37M","0.47%"
"2020年09月01日","23,138.07","23,089.63","23,206.66","23,047.77","595.68M","-0.01%"
"2020年08月31日","23,139.76","23,147.14","23,342.32","23,102.61","809.89M","1.12%"
"2020年08月28日","22,882.65","23,232.30","23,376.13","22,594.79","980.83M","-1.41%"
"2020年08月27日","23,208.86","23,311.04","23,323.07","23,177.85","526.75M","-0.35%"
"2020年08月26日","23,290.86","23,257.05","23,348.80","23,203.00","477.90M","-0.03%"
"2020年08月25日","23,296.77","23,242.74","23,431.04","23,225.39","752.69M","1.35%"
"2020年08月24日","22,985.51","22,913.20","23,012.71","22,862.54","405.89M","0.28%"
"2020年08月21日","22,920.30","23,022.76","23,135.43","22,920.30","511.83M","0.17%"
"2020年08月20日","22,880.62","23,003.58","23,078.36","22,851.83","501.84M","-1.00%"
"2020年08月19日","23,110.61","22,997.93","23,149.85","22,953.60","500.96M","0.26%"
"2020年08月18日","23,051.08","23,097.80","23,128.18","22,948.89","556.30M","-0.20%"
"2020年08月17日","23,096.75","23,189.48","23,248.75","23,068.53","435.89M","-0.83%"
"2020年08月14日","23,289.36","23,323.92","23,338.79","23,222.85","598.15M","0.17%"
"2020年08月13日","23,249.61","23,123.36","23,316.69","23,111.50","848.23M","1.78%"
"2020年08月12日","22,843.96","22,747.44","22,874.37","22,670.74","907.65M","0.41%"
"2020年08月11日","22,750.24","22,505.51","22,760.87","22,497.07","993.22M","1.88%"
"2020年08月07日","22,329.94","22,433.78","22,436.16","22,204.61","666.93M","-0.39%"
"2020年08月06日","22,418.15","22,471.71","22,587.75","22,362.89","626.23M","-0.43%"
"2020年08月05日","22,514.85","22,479.72","22,554.20","22,356.25","740.04M","-0.26%"
"2020年08月04日","22,573.66","22,379.74","22,603.82","22,379.74","891.08M","1.70%"
"2020年08月03日","22,195.38","21,947.58","22,214.59","21,919.83","839.73M","2.24%"
"2020年07月31日","21,710.00","22,267.59","22,295.05","21,710.00","1.07B","-2.82%"
"2020年07月30日","22,339.23","22,489.24","22,506.60","22,334.71","777.66M","-0.26%"
"2020年07月29日","22,397.11","22,543.89","22,584.87","22,366.34","742.59M","-1.15%"
"2020年07月28日","22,657.38","22,735.02","22,842.19","22,646.22","677.53M","-0.26%"
"2020年07月27日","22,715.85","22,495.95","22,741.13","22,429.57","717.62M","-0.16%"
"2020年07月22日","22,751.61","22,791.75","22,855.31","22,732.92","653.64M","-0.58%"
"2020年07月21日","22,884.22","22,789.38","22,925.58","22,780.22","685.61M","0.73%"
"2020年07月20日","22,717.48","22,772.07","22,788.53","22,580.19","500.42M","0.09%"
"2020年07月17日","22,696.42","22,807.57","22,857.82","22,643.52","558.65M","-0.32%"
"2020年07月16日","22,770.36","22,907.96","22,925.90","22,739.42","894.44M","-0.76%"
"2020年07月15日","22,945.50","22,817.91","22,965.56","22,800.11","725.70M","1.59%"
"2020年07月14日","22,587.01","22,631.87","22,677.02","22,538.78","609.65M","-0.87%"
"2020年07月13日","22,784.74","22,591.81","22,784.74","22,561.47","712.47M","2.22%"
"2020年07月10日","22,290.81","22,534.97","22,563.68","22,285.07","788.05M","-1.06%"
"2020年07月09日","22,529.29","22,442.30","22,679.08","22,434.38","651.67M","0.40%"
"2020年07月08日","22,438.65","22,481.61","22,667.95","22,438.65","649.12M","-0.78%"
"2020年07月07日","22,614.69","22,649.90","22,742.28","22,540.44","626.64M","-0.44%"
"2020年07月06日","22,714.44","22,341.27","22,734.11","22,325.75","580.11M","1.83%"
"2020年07月03日","22,306.48","22,266.91","22,312.44","22,154.97","516.77M","0.72%"
"2020年07月02日","22,145.96","22,182.68","22,267.51","22,072.11","735.69M","0.11%"
"2020年07月01日","22,121.73","22,338.30","22,360.31","22,039.56","673.60M","-0.75%"
"2020年06月30日","22,288.14","22,335.10","22,448.30","22,273.38","741.69M","1.33%"
"2020年06月29日","21,995.04","22,255.05","22,281.38","21,969.59","737.16M","-2.30%"
"2020年06月26日","22,512.08","22,424.37","22,589.14","22,408.27","666.39M","1.13%"
"2020年06月25日","22,259.79","22,287.87","22,423.41","22,165.14","808.20M","-1.22%"
"2020年06月24日","22,534.32","22,541.01","22,663.29","22,479.86","669.68M","-0.07%"
"2020年06月23日","22,549.05","22,636.06","22,693.89","22,257.14","-","0.50%"
"2020年06月22日","22,437.27","22,353.69","22,575.74","22,311.94","545.97M","-0.18%"
"2020年06月19日","22,478.79","22,515.75","22,523.66","22,352.16","969.60M","0.55%"
"2020年06月18日","22,355.46","22,363.88","22,432.25","22,125.35","652.27M","-0.45%"
"2020年06月17日","22,455.76","22,517.14","22,536.38","22,318.07","724.82M","-0.56%"
"2020年06月16日","22,582.21","21,912.29","22,624.14","21,899.48","1.00B","4.88%"
"2020年06月15日","21,530.95","22,135.27","22,251.83","21,529.83","785.12M","-3.47%"
"2020年06月12日","22,305.48","22,082.12","22,350.30","21,786.93","1.21B","-0.75%"
"2020年06月11日","22,472.91","22,848.02","22,939.39","22,466.54","1.06B","-2.82%"
"2020年06月10日","23,124.95","22,939.00","23,175.82","22,900.30","755.83M","0.15%"
"2020年06月09日","23,091.03","23,135.79","23,185.85","22,933.14","914.63M","-0.38%"
"2020年06月08日","23,178.10","23,121.98","23,178.10","23,028.62","1.08B","1.37%"
"2020年06月05日","22,863.73","22,613.08","22,865.88","22,563.56","856.15M","0.74%"
"2020年06月04日","22,695.74","22,885.14","22,907.92","22,501.81","919.55M","0.36%"
"2020年06月03日","22,613.76","22,649.01","22,818.87","22,462.68","941.36M","1.29%"
"2020年06月02日","22,325.61","22,175.52","22,401.79","22,118.40","778.91M","1.19%"
"2020年06月01日","22,062.39","21,910.89","22,161.39","21,898.99","721.66M","0.84%"
"2020年05月29日","21,877.89","21,807.63","21,955.44","21,710.80","1.53B","-0.18%"
"2020年05月28日","21,916.31","21,612.90","21,926.29","21,580.50","1.34B","2.32%"
"2020年05月27日","21,419.23","21,249.31","21,475.68","21,142.72","1.12B","0.70%"
"2020年05月26日","21,271.17","20,927.96","21,328.34","20,918.11","871.91M","2.55%"
"2020年05月25日","20,741.65","20,653.41","20,741.65","20,584.06","550.88M","1.73%"
"2020年05月22日","20,388.16","20,583.95","20,615.12","20,334.99","711.49M","-0.80%"
"2020年05月21日","20,552.31","20,692.59","20,734.91","20,503.87","628.63M","-0.21%"
"2020年05月20日","20,595.15","20,454.49","20,684.46","20,454.03","717.58M","0.79%"
"2020年05月19日","20,433.45","20,469.52","20,659.46","20,433.45","929.85M","1.49%"
"2020年05月18日","20,133.73","20,097.62","20,197.59","19,999.10","719.00M","0.48%"
"2020年05月15日","20,037.47","20,149.79","20,198.25","19,832.88","751.69M","0.62%"
"2020年05月14日","19,914.78","20,140.49","20,185.00","19,902.93","769.07M","-1.74%"
"2020年05月13日","20,267.05","20,140.92","20,329.89","20,056.46","795.08M","-0.49%"
"2020年05月12日","20,366.48","20,413.23","20,457.37","20,293.97","676.67M","-0.12%"
"2020年05月11日","20,390.66","20,333.73","20,534.88","20,285.04","761.76M","1.05%"
"2020年05月08日","20,179.09","19,972.09","20,179.09","19,894.58","822.09M","2.56%"
"2020年05月07日","19,674.77","19,468.52","19,720.87","19,448.93","828.64M","0.28%"
"2020年05月01日","19,619.35","19,991.97","20,000.25","19,551.73","866.44M","-2.84%"
"2020年04月30日","20,193.69","20,105.68","20,365.89","20,084.83","1.03B","2.14%"
"2020年04月28日","19,771.19","19,776.18","19,841.78","19,638.48","685.79M","-0.06%"
"2020年04月27日","19,783.22","19,410.84","19,819.06","19,410.18","775.76M","2.71%"
"2020年04月24日","19,262.00","19,331.86","19,352.24","19,175.38","847.02M","-0.86%"
"2020年04月23日","19,429.44","19,313.04","19,429.44","19,221.54","725.80M","1.52%"
"2020年04月22日","19,137.95","19,109.18","19,137.95","18,858.25","764.03M","-0.74%"
"2020年04月21日","19,280.78","19,479.83","19,529.06","19,193.22","794.36M","-1.97%"
"2020年04月20日","19,669.12","19,689.85","19,784.38","19,611.79","650.06M","-1.15%"
"2020年04月17日","19,897.26","19,575.85","19,922.07","19,554.70","878.43M","3.15%"
"2020年04月16日","19,290.20","19,311.30","19,362.17","19,154.41","814.48M","-1.33%"
"2020年04月15日","19,550.09","19,589.25","19,660.68","19,465.95","940.97M","-0.45%"
"2020年04月14日","19,638.81","19,150.30","19,705.99","19,093.12","818.78M","3.13%"
"2020年04月13日","19,043.40","19,312.04","19,355.04","19,014.32","656.32M","-2.33%"
"2020年04月10日","19,498.50","19,500.07","19,500.07","19,235.96","874.94M","0.79%"
"2020年04月09日","19,345.77","19,376.00","19,406.96","19,158.55","822.67M","-0.04%"
"2020年04月08日","19,353.24","19,047.76","19,454.34","18,730.80","1.06B","2.13%"
"2020年04月07日","18,950.18","18,878.86","19,162.52","18,553.14","1.08B","2.01%"
"2020年04月06日","18,576.30","17,857.99","18,672.26","17,802.62","1.06B","4.24%"
"2020年04月03日","17,820.19","17,951.44","18,059.15","17,646.50","959.83M","0.01%"
"2020年04月02日","17,818.72","17,934.42","18,132.04","17,707.66","1.07B","-1.37%"
"2020年04月01日","18,065.41","18,686.12","18,784.25","17,871.62","1.06B","-4.50%"
"2020年03月31日","18,917.01","19,181.90","19,336.19","18,834.16","1.22B","-0.88%"
"2020年03月30日","19,084.97","18,884.07","19,084.97","18,578.20","1.21B","-1.57%"
"2020年03月27日","19,389.43","19,021.97","19,389.43","18,832.21","1.49B","3.88%"
"2020年03月26日","18,664.60","19,234.77","19,240.29","18,512.81","1.28B","-4.51%"
"2020年03月25日","19,546.63","18,446.80","19,564.38","18,446.80","1.48B","8.04%"
"2020年03月24日","18,092.35","17,206.88","18,100.39","17,197.14","1.47B","7.13%"
"2020年03月23日","16,887.78","16,570.57","17,049.03","16,480.95","1.70B","2.02%"
"2020年03月19日","16,552.83","16,995.77","17,160.97","16,358.19","1.99B","-1.04%"
"2020年03月18日","16,726.55","17,154.08","17,396.84","16,698.46","1.77B","-1.68%"
"2020年03月17日","17,011.53","16,726.95","17,557.04","16,378.94","1.99B","0.06%"
"2020年03月16日","17,002.04","17,586.08","17,785.76","16,914.45","1.58B","-2.46%"
"2020年03月13日","17,431.05","18,183.47","18,184.46","16,690.60","2.33B","-6.08%"
"2020年03月12日","18,559.63","19,064.51","19,142.18","18,339.27","1.65B","-4.41%"
"2020年03月11日","19,416.06","19,758.26","19,974.83","19,392.25","1.29B","-2.27%"
"2020年03月10日","19,867.12","19,474.89","19,970.35","18,891.77","1.65B","0.85%"
"2020年03月09日","19,698.76","20,343.31","20,347.19","19,472.26","1.70B","-5.07%"
"2020年03月06日","20,749.75","21,009.80","21,061.20","20,613.91","1.12B","-2.72%"
"2020年03月05日","21,329.12","21,399.87","21,399.87","21,220.76","857.31M","1.09%"
"2020年03月04日","21,100.06","20,897.20","21,245.93","20,862.05","946.26M","0.08%"
"2020年03月03日","21,082.73","21,651.99","21,719.78","21,082.73","1.05B","-1.22%"
"2020年03月02日","21,344.08","20,849.79","21,593.11","20,834.29","1.24B","0.95%"
"2020年02月28日","21,142.96","21,518.01","21,528.13","20,916.40","1.48B","-3.67%"
"2020年02月27日","21,948.23","22,255.83","22,272.26","21,844.29","1.06B","-2.13%"
"2020年02月26日","22,426.19","22,374.14","22,456.55","22,127.42","993.40M","-0.79%"
"2020年02月25日","22,605.41","22,949.37","22,950.23","22,335.21","1.06B","-3.34%"
"2020年02月21日","23,386.74","23,427.77","23,588.55","23,378.33","620.67M","-0.39%"
"2020年02月20日","23,479.15","23,666.58","23,806.56","23,426.42","632.71M","0.34%"
"2020年02月19日","23,400.70","23,329.33","23,468.56","23,234.96","615.89M","0.89%"
"2020年02月18日","23,193.80","23,398.57","23,402.01","23,133.60","595.04M","-1.40%"
"2020年02月17日","23,523.24","23,489.78","23,561.98","23,335.99","540.38M","-0.69%"
"2020年02月14日","23,687.59","23,714.52","23,738.42","23,603.48","691.05M","-0.59%"
"2020年02月13日","23,827.73","23,849.76","23,908.85","23,784.31","645.17M","-0.14%"
"2020年02月12日","23,861.21","23,741.21","23,869.73","23,693.72","746.48M","0.74%"
"2020年02月10日","23,685.98","23,631.79","23,788.25","23,621.72","565.47M","-0.60%"
"2020年02月07日","23,827.98","23,899.01","23,943.45","23,759.42","653.61M","-0.19%"
"2020年02月06日","23,873.59","23,641.10","23,995.37","23,625.13","950.80M","2.38%"
"2020年02月05日","23,319.56","23,351.47","23,414.69","23,241.64","703.37M","1.02%"
"2020年02月04日","23,084.59","22,881.13","23,118.13","22,854.45","679.45M","0.49%"
"2020年02月03日","22,971.94","22,874.27","23,023.73","22,775.92","725.33M","-1.01%"
"2020年01月31日","23,205.18","23,148.92","23,421.59","23,139.98","753.66M","0.99%"
"2020年01月30日","22,977.75","23,284.58","23,318.57","22,892.95","695.56M","-1.72%"
"2020年01月29日","23,379.40","23,309.32","23,392.61","23,214.28","549.20M","0.71%"
"2020年01月28日","23,215.71","23,126.93","23,243.36","23,115.15","643.74M","-0.55%"
"2020年01月27日","23,343.51","23,427.90","23,463.89","23,317.32","624.17M","-2.03%"
"2020年01月24日","23,827.18","23,850.12","23,869.38","23,755.32","486.58M","0.13%"
"2020年01月23日","23,795.44","23,843.51","23,910.01","23,779.23","555.11M","-0.98%"
"2020年01月22日","24,031.35","23,835.49","24,040.87","23,831.10","489.71M","0.70%"
"2020年01月21日","23,864.56","24,072.81","24,081.75","23,843.48","445.89M","-0.91%"
"2020年01月20日","24,083.51","24,080.68","24,108.11","24,061.67","382.87M","0.18%"
"2020年01月17日","24,041.26","24,103.45","24,115.95","24,013.75","593.81M","0.45%"
"2020年01月16日","23,933.13","23,960.20","23,975.38","23,905.38","553.63M","0.07%"
"2020年01月15日","23,916.58","23,923.48","23,997.39","23,875.82","571.55M","-0.45%"
"2020年01月14日","24,025.17","23,969.04","24,059.86","23,951.66","642.33M","0.73%"
"2020年01月10日","23,850.57","23,813.28","23,903.29","23,761.08","558.61M","0.47%"
"2020年01月09日","23,739.87","23,530.29","23,767.09","23,506.15","621.91M","2.31%"
"2020年01月08日","23,204.76","23,217.49","23,303.21","22,951.18","794.10M","-1.57%"
"2020年01月07日","23,575.72","23,320.12","23,577.44","23,299.92","642.51M","1.60%"
"2020年01月06日","23,204.86","23,319.76","23,365.36","23,148.53","728.30M","-1.91%"
"2019年12月30日","23,656.62","23,770.93","23,782.49","23,656.62","415.90M","-0.76%"
"2019年12月27日","23,837.72","23,953.75","23,967.18","23,837.72","448.49M","-0.36%"
"2019年12月26日","23,924.92","23,787.70","23,931.51","23,775.40","403.42M","0.60%"
"2019年12月25日","23,782.87","23,813.59","23,824.85","23,782.87","315.89M","-0.20%"
"2019年12月24日","23,830.58","23,839.18","23,853.56","23,796.35","379.31M","0.04%"
"2019年12月23日","23,821.11","23,921.29","23,923.09","23,810.82","451.64M","0.02%"
"2019年12月20日","23,816.63","23,893.45","23,908.77","23,746.63","703.19M","-0.20%"
"2019年12月19日","23,864.85","23,911.46","23,945.53","23,835.29","556.39M","-0.29%"
"2019年12月18日","23,934.43","24,023.27","24,046.09","23,919.36","662.68M","-0.55%"
"2019年12月17日","24,066.12","24,091.12","24,091.12","23,996.51","639.96M","0.47%"
"2019年12月16日","23,952.35","23,955.20","24,036.30","23,950.05","533.16M","-0.29%"
"2019年12月13日","24,023.10","23,810.56","24,050.04","23,775.73","1.15B","2.55%"
"2019年12月12日","23,424.81","23,449.28","23,468.15","23,360.43","562.95M","0.14%"
"2019年12月11日","23,391.86","23,421.14","23,438.43","23,333.63","613.41M","-0.08%"
"2019年12月10日","23,410.19","23,372.39","23,449.47","23,336.93","527.60M","-0.09%"
"2019年12月09日","23,430.70","23,544.31","23,544.31","23,360.01","558.34M","0.33%"
"2019年12月06日","23,354.40","23,347.67","23,412.48","23,338.40","543.92M","0.23%"
"2019年12月05日","23,300.09","23,292.70","23,363.44","23,259.82","614.40M","0.71%"
"2019年12月04日","23,135.23","23,186.74","23,203.77","23,044.78","581.24M","-1.05%"
"2019年12月03日","23,379.81","23,231.14","23,388.18","23,186.84","588.14M","-0.64%"
"2019年12月02日","23,529.50","23,388.63","23,562.05","23,378.40","477.25M","1.01%"
"2019年11月29日","23,293.91","23,497.44","23,498.77","23,273.37","520.90M","-0.49%"
"2019年11月28日","23,409.14","23,458.88","23,482.32","23,367.33","447.84M","-0.12%"
"2019年11月27日","23,437.77","23,452.85","23,507.82","23,418.23","521.84M","0.28%"
"2019年11月26日","23,373.32","23,451.40","23,608.06","23,350.10","942.77M","0.35%"
"2019年11月25日","23,292.81","23,292.85","23,347.18","23,255.39","503.46M","0.78%"
"2019年11月22日","23,112.88","23,030.33","23,219.51","23,030.33","555.81M","0.32%"
"2019年11月21日","23,038.58","23,071.49","23,108.08","22,726.71","698.01M","-0.48%"
"2019年11月20日","23,148.57","23,176.49","23,303.17","23,086.12","657.19M","-0.62%"
"2019年11月19日","23,292.65","23,366.36","23,389.53","23,244.93","642.31M","-0.53%"
"2019年11月18日","23,416.76","23,304.25","23,420.62","23,271.29","573.00M","0.49%"
"2019年11月15日","23,303.32","23,160.53","23,340.77","23,121.59","721.80M","0.70%"
"2019年11月14日","23,141.55","23,325.50","23,360.06","23,062.16","799.02M","-0.76%"
"2019年11月13日","23,319.87","23,439.25","23,452.63","23,270.93","634.08M","-0.85%"
"2019年11月12日","23,520.01","23,336.37","23,545.70","23,312.25","629.78M","0.81%"
"2019年11月11日","23,331.84","23,422.13","23,471.82","23,323.02","615.31M","-0.26%"
"2019年11月08日","23,391.87","23,550.04","23,591.09","23,313.41","945.63M","0.26%"
"2019年11月07日","23,330.32","23,283.14","23,336.00","23,253.32","709.13M","0.11%"
"2019年11月06日","23,303.82","23,343.51","23,352.56","23,246.57","774.06M","0.22%"
"2019年11月05日","23,251.99","23,118.79","23,328.52","23,090.94","1.02B","1.76%"
"2019年11月01日","22,850.77","22,730.49","22,852.72","22,705.60","654.07M","-0.33%"
"2019年10月31日","22,927.04","22,910.10","22,988.80","22,875.50","783.15M","0.37%"
"2019年10月30日","22,843.12","22,953.17","22,961.23","22,827.93","1.02B","-0.57%"
"2019年10月29日","22,974.13","22,950.79","23,008.43","22,935.35","728.98M","0.47%"
"2019年10月28日","22,867.27","22,854.44","22,896.22","22,830.57","481.23M","0.30%"
"2019年10月25日","22,799.81","22,753.24","22,819.92","22,715.13","571.58M","0.22%"
"2019年10月24日","22,750.60","22,725.44","22,780.99","22,704.33","612.71M","0.55%"
"2019年10月23日","22,625.38","22,619.77","22,648.81","22,457.89","680.22M","0.34%"
"2019年10月21日","22,548.90","22,541.22","22,581.28","22,515.73","484.20M","0.25%"
"2019年10月18日","22,492.68","22,528.56","22,649.85","22,466.26","592.38M","0.18%"
"2019年10月17日","22,451.86","22,451.15","22,522.39","22,424.92","578.29M","-0.09%"
"2019年10月16日","22,472.92","22,479.57","22,615.47","22,434.35","787.21M","1.20%"
"2019年10月15日","22,207.21","22,063.71","22,219.63","22,049.71","744.61M","1.87%"
"2019年10月11日","21,798.87","21,749.93","21,820.77","21,658.27","673.99M","1.15%"
"2019年10月10日","21,551.98","21,456.27","21,601.46","21,308.88","599.29M","0.45%"
"2019年10月09日","21,456.38","21,359.84","21,467.77","21,359.84","554.12M","-0.61%"
"2019年10月08日","21,587.78","21,494.48","21,629.24","21,483.18","607.85M","0.99%"
"2019年10月07日","21,375.25","21,445.73","21,475.28","21,328.26","474.43M","-0.16%"
"2019年10月04日","21,410.20","21,316.18","21,410.20","21,276.01","577.50M","0.32%"
"2019年10月03日","21,341.74","21,422.22","21,437.74","21,277.36","677.11M","-2.01%"
"2019年10月02日","21,778.61","21,744.62","21,795.01","21,725.23","633.26M","-0.49%"
"2019年10月01日","21,885.24","21,831.44","21,938.77","21,811.98","623.26M","0.59%"
"2019年09月30日","21,755.84","21,793.83","21,811.98","21,666.60","698.59M","-0.56%"
"2019年09月27日","21,878.90","21,934.93","21,955.79","21,733.69","763.94M","-0.77%"
"2019年09月26日","22,048.24","22,160.52","22,184.91","21,986.24","816.31M","0.13%"
"2019年09月25日","22,020.15","21,961.82","22,036.48","21,906.00","616.06M","-0.36%"
"2019年09月24日","22,098.84","22,095.35","22,168.74","22,077.94","683.76M","0.09%"
"2019年09月20日","22,079.09","22,130.74","22,204.75","22,047.90","850.33M","0.16%"
"2019年09月19日","22,044.45","22,064.46","22,255.56","22,003.30","781.60M","0.38%"
"2019年09月18日","21,960.71","22,014.65","22,027.86","21,942.03","693.98M","-0.18%"
"2019年09月17日","22,001.32","21,947.59","22,041.08","21,878.63","815.24M","0.06%"
"2019年09月13日","21,988.29","21,907.83","22,019.66","21,820.94","1.16B","1.05%"
"2019年09月12日","21,759.61","21,761.09","21,825.92","21,743.96","960.34M","0.75%"
"2019年09月11日","21,597.76","21,466.66","21,619.21","21,437.82","1.10B","0.96%"
"2019年09月10日","21,392.10","21,363.57","21,438.35","21,350.35","923.75M","0.35%"
"2019年09月09日","21,318.42","21,214.56","21,333.51","21,182.26","578.11M","0.56%"
"2019年09月06日","21,199.57","21,201.83","21,241.29","21,145.81","710.96M","0.54%"
"2019年09月05日","21,085.94","20,800.29","21,164.61","20,787.93","829.63M","2.12%"
"2019年09月04日","20,649.14","20,578.67","20,694.35","20,554.16","515.28M","0.12%"
"2019年09月03日","20,625.16","20,581.58","20,662.23","20,578.02","453.52M","0.02%"
"2019年09月02日","20,620.19","20,625.75","20,667.56","20,614.29","423.99M","-0.41%"
"2019年08月30日","20,704.37","20,641.49","20,748.35","20,633.30","719.95M","1.19%"
"2019年08月29日","20,460.93","20,500.50","20,520.68","20,361.12","550.71M","-0.09%"
"2019年08月28日","20,479.42","20,474.31","20,511.21","20,433.31","514.89M","0.11%"
"2019年08月27日","20,456.08","20,467.22","20,529.94","20,439.92","607.85M","0.96%"
"2019年08月26日","20,261.04","20,325.44","20,329.01","20,173.76","698.51M","-2.17%"
"2019年08月23日","20,710.91","20,579.98","20,719.31","20,579.98","507.02M","0.40%"
"2019年08月22日","20,628.01","20,706.07","20,731.19","20,584.29","546.33M","0.05%"
"2019年08月21日","20,618.57","20,489.97","20,626.05","20,482.62","529.84M","-0.28%"
"2019年08月20日","20,677.22","20,605.35","20,684.06","20,582.01","501.32M","0.55%"
"2019年08月19日","20,563.16","20,590.47","20,633.90","20,502.66","505.71M","0.71%"
"2019年08月16日","20,418.81","20,323.97","20,465.71","20,300.35","584.39M","0.06%"
"2019年08月15日","20,405.65","20,324.25","20,419.88","20,184.85","681.69M","-1.21%"
"2019年08月14日","20,655.13","20,669.99","20,697.42","20,581.17","609.36M","0.98%"
"2019年08月13日","20,455.44","20,432.68","20,503.38","20,369.27","729.38M","-1.11%"
"2019年08月09日","20,684.82","20,758.15","20,782.06","20,676.92","657.21M","0.44%"
"2019年08月08日","20,593.35","20,529.29","20,682.24","20,462.98","667.82M","0.37%"
"2019年08月07日","20,516.56","20,548.07","20,570.19","20,406.52","758.84M","-0.33%"
"2019年08月06日","20,585.31","20,325.52","20,607.83","20,110.76","925.44M","-0.65%"
"2019年08月05日","20,720.29","20,909.98","20,941.83","20,514.19","884.51M","-1.74%"
"2019年08月02日","21,087.16","21,211.06","21,211.06","20,960.09","942.98M","-2.11%"
"2019年08月01日","21,540.99","21,361.58","21,556.69","21,288.90","780.37M","0.09%"
"2019年07月31日","21,521.53","21,526.38","21,589.11","21,476.07","788.83M","-0.86%"
"2019年07月30日","21,709.31","21,681.82","21,792.98","21,665.86","562.22M","0.43%"
"2019年07月29日","21,616.80","21,627.55","21,652.95","21,518.70","485.15M","-0.19%"
"2019年07月26日","21,658.15","21,700.20","21,709.74","21,590.66","490.60M","-0.45%"
"2019年07月25日","21,756.55","21,715.95","21,823.07","21,715.69","483.83M","0.22%"
"2019年07月24日","21,709.57","21,726.98","21,744.88","21,677.71","526.96M","0.41%"
"2019年07月23日","21,620.88","21,425.44","21,686.53","21,411.93","495.76M","0.95%"
"2019年07月22日","21,416.79","21,394.75","21,445.03","21,317.85","483.50M","-0.23%"
"2019年07月19日","21,466.99","21,146.50","21,474.30","21,121.90","597.08M","2.00%"
"2019年07月18日","21,046.24","21,336.80","21,347.84","20,993.44","723.96M","-1.97%"
"2019年07月17日","21,469.18","21,474.63","21,488.27","21,380.55","549.15M","-0.31%"
"2019年07月16日","21,535.25","21,644.38","21,655.52","21,514.89","513.07M","-0.69%"
"2019年07月12日","21,685.90","21,720.14","21,720.14","21,589.83","467.99M","0.20%"
"2019年07月11日","21,643.53","21,547.19","21,649.93","21,532.57","510.94M","0.51%"
"2019年07月10日","21,533.48","21,499.46","21,601.86","21,488.22","607.16M","-0.15%"
"2019年07月09日","21,565.15","21,598.15","21,687.29","21,508.22","555.54M","0.14%"
"2019年07月08日","21,534.35","21,665.79","21,672.65","21,499.57","534.58M","-0.98%"
"2019年07月05日","21,746.38","21,703.61","21,746.38","21,647.73","461.63M","0.20%"
"2019年07月04日","21,702.45","21,740.93","21,755.63","21,672.50","389.85M","0.30%"
"2019年07月03日","21,638.16","21,684.07","21,708.72","21,566.65","567.02M","-0.53%"
"2019年07月02日","21,754.27","21,699.43","21,784.22","21,697.31","564.11M","0.11%"
"2019年07月01日","21,729.97","21,566.27","21,758.34","21,559.17","689.82M","2.13%"
"2019年06月28日","21,275.92","21,282.22","21,324.93","21,199.85","639.83M","-0.29%"
"2019年06月27日","21,338.17","21,156.88","21,338.17","21,123.97","632.28M","1.19%"
"2019年06月26日","21,086.59","21,067.68","21,129.64","21,035.84","519.06M","-0.51%"
"2019年06月25日","21,193.81","21,238.07","21,313.77","21,114.47","556.11M","-0.43%"
"2019年06月24日","21,285.99","21,223.56","21,317.86","21,185.67","445.42M","0.13%"
"2019年06月21日","21,258.64","21,487.67","21,497.82","21,221.70","918.21M","-0.95%"
"2019年06月20日","21,462.86","21,417.74","21,491.39","21,377.27","573.61M","0.60%"
"2019年06月19日","21,333.87","21,223.17","21,358.72","21,213.43","660.88M","1.72%"
"2019年06月18日","20,972.71","21,111.77","21,153.65","20,924.19","562.67M","-0.72%"
"2019年06月17日","21,124.00","21,094.96","21,185.25","21,044.62","505.82M","0.03%"
"2019年06月14日","21,116.89","21,049.41","21,119.73","20,971.18","623.44M","0.40%"
"2019年06月13日","21,032.00","21,040.91","21,111.23","20,932.13","677.08M","-0.46%"
"2019年06月12日","21,129.72","21,130.39","21,259.70","21,118.75","582.36M","-0.35%"
"2019年06月11日","21,204.28","21,099.54","21,227.18","21,066.62","536.72M","0.33%"
"2019年06月10日","21,134.42","21,095.40","21,166.12","21,077.95","599.68M","1.20%"
"2019年06月07日","20,884.71","20,859.78","20,907.77","20,816.58","522.70M","0.53%"
"2019年06月06日","20,774.04","20,745.84","20,842.28","20,745.84","614.23M","-0.01%"
"2019年06月05日","20,776.10","20,667.89","20,800.64","20,646.15","744.71M","1.80%"
"2019年06月04日","20,408.54","20,435.86","20,464.57","20,289.64","713.00M","-0.01%"
"2019年06月03日","20,410.88","20,327.87","20,438.03","20,305.74","695.25M","-0.92%"
"2019年05月31日","20,601.19","20,785.21","20,823.10","20,581.58","814.51M","-1.63%"
"2019年05月30日","20,942.53","20,881.50","20,942.53","20,809.29","604.99M","-0.29%"
"2019年05月29日","21,003.37","21,055.42","21,071.73","20,884.61","721.55M","-1.21%"
"2019年05月28日","21,260.14","21,187.17","21,297.70","21,177.27","1.02B","0.37%"
"2019年05月27日","21,182.58","21,148.46","21,232.38","21,113.76","429.01M","0.31%"
"2019年05月24日","21,117.22","20,980.79","21,117.22","20,922.00","698.31M","-0.16%"
"2019年05月23日","21,151.14","21,180.24","21,209.56","21,072.72","658.64M","-0.62%"
"2019年05月22日","21,283.37","21,373.52","21,404.54","21,266.98","665.38M","0.05%"
"2019年05月21日","21,272.45","21,211.26","21,318.80","21,160.43","723.21M","-0.14%"
"2019年05月20日","21,301.73","21,305.97","21,430.06","21,282.65","671.33M","0.24%"
"2019年05月17日","21,250.09","21,246.86","21,398.85","21,199.98","780.73M","0.89%"
"2019年05月16日","21,062.98","21,153.20","21,153.20","20,951.67","849.62M","-0.59%"
"2019年05月15日","21,188.56","21,112.85","21,191.53","20,968.08","866.63M","0.58%"
"2019年05月14日","21,067.23","20,870.77","21,077.48","20,751.45","929.62M","-0.59%"
"2019年05月13日","21,191.28","21,180.74","21,277.66","21,127.93","768.21M","-0.72%"
"2019年05月10日","21,344.92","21,431.81","21,584.09","21,175.33","1.02B","-0.27%"
"2019年05月09日","21,402.13","21,492.91","21,559.76","21,315.07","999.11M","-0.93%"
"2019年05月08日","21,602.59","21,628.04","21,639.12","21,514.85","884.46M","-1.46%"
"2019年05月07日","21,923.72","22,184.40","22,190.49","21,875.11","934.91M","-1.51%"
"2019年04月26日","22,258.73","22,167.48","22,270.29","22,073.10","740.80M","-0.22%"
"2019年04月25日","22,307.58","22,183.32","22,334.69","22,155.23","652.75M","0.48%"
"2019年04月24日","22,200.00","22,356.83","22,362.92","22,125.48","700.36M","-0.27%"
"2019年04月23日","22,259.74","22,241.74","22,268.37","22,119.94","535.79M","0.19%"
"2019年04月22日","22,217.90","22,188.62","22,280.19","22,099.38","441.69M","0.08%"
"2019年04月19日","22,200.56","22,238.07","22,250.37","22,162.23","498.21M","0.50%"
"2019年04月18日","22,090.12","22,274.13","22,305.63","22,058.39","693.55M","-0.84%"
"2019年04月17日","22,277.97","22,236.41","22,345.19","22,185.87","776.60M","0.25%"
"2019年04月16日","22,221.66","22,108.15","22,261.33","22,095.32","590.95M","0.24%"
"2019年04月15日","22,169.11","22,122.97","22,211.03","22,102.93","681.43M","1.37%"
"2019年04月12日","21,870.56","21,782.35","21,878.78","21,698.71","634.65M","0.73%"
"2019年04月11日","21,711.38","21,662.65","21,721.42","21,627.87","630.65M","0.11%"
"2019年04月10日","21,687.57","21,579.68","21,687.57","21,571.67","605.02M","-0.53%"
"2019年04月09日","21,802.59","21,750.29","21,811.88","21,698.42","559.51M","0.19%"
"2019年04月08日","21,761.65","21,900.55","21,900.55","21,740.53","563.26M","-0.21%"
"2019年04月05日","21,807.50","21,743.14","21,839.18","21,731.34","602.89M","0.38%"
"2019年04月04日","21,724.95","21,724.69","21,787.60","21,662.90","596.94M","0.05%"
"2019年04月03日","21,713.21","21,563.64","21,722.72","21,489.95","705.68M","0.97%"
"2019年04月02日","21,505.31","21,744.64","21,744.64","21,490.56","732.24M","-0.02%"
"2019年04月01日","21,509.03","21,500.89","21,682.94","21,471.12","798.21M","1.43%"
"2019年03月29日","21,205.81","21,228.51","21,267.25","21,149.42","635.38M","0.82%"
"2019年03月28日","21,033.76","21,191.32","21,191.32","20,974.19","733.10M","-1.61%"
"2019年03月27日","21,378.73","21,353.61","21,388.59","21,242.52","782.56M","-0.23%"
"2019年03月26日","21,428.39","21,174.34","21,460.99","21,174.34","1.04B","2.15%"
"2019年03月25日","20,977.11","21,267.41","21,275.43","20,911.57","801.45M","-3.01%"
"2019年03月22日","21,627.34","21,713.26","21,713.26","21,542.03","813.48M","0.09%"
"2019年03月20日","21,608.92","21,548.65","21,614.17","21,499.16","673.20M","0.20%"
"2019年03月19日","21,566.85","21,558.43","21,585.55","21,425.79","617.70M","-0.08%"
"2019年03月18日","21,584.50","21,576.36","21,612.67","21,500.32","568.96M","0.62%"
"2019年03月15日","21,450.85","21,376.73","21,521.68","21,374.85","857.90M","0.77%"
"2019年03月14日","21,287.02","21,474.58","21,522.75","21,287.02","660.94M","-0.02%"
"2019年03月13日","21,290.24","21,425.77","21,474.17","21,198.99","681.77M","-0.99%"
"2019年03月12日","21,503.69","21,361.61","21,568.48","21,348.81","698.57M","1.79%"
"2019年03月11日","21,125.09","21,062.75","21,145.94","20,938.00","573.25M","0.47%"
"2019年03月08日","21,025.56","21,339.17","21,359.32","20,993.07","1.03B","-2.01%"
"2019年03月07日","21,456.01","21,456.88","21,472.16","21,402.12","774.96M","-0.65%"
"2019年03月06日","21,596.81","21,659.03","21,684.60","21,550.45","588.58M","-0.60%"
"2019年03月05日","21,726.28","21,712.80","21,798.38","21,659.04","610.39M","-0.44%"
"2019年03月04日","21,822.04","21,812.81","21,860.39","21,740.92","609.23M","1.02%"
"2019年03月01日","21,602.69","21,490.02","21,641.58","21,490.02","644.74M","1.02%"
"2019年02月28日","21,385.16","21,536.55","21,536.55","21,364.09","737.24M","-0.79%"
"2019年02月27日","21,556.51","21,504.61","21,578.81","21,492.65","698.29M","0.50%"
"2019年02月26日","21,449.39","21,556.02","21,610.88","21,405.84","580.57M","-0.37%"
"2019年02月25日","21,528.23","21,567.66","21,590.03","21,505.07","533.64M","0.48%"
"2019年02月22日","21,425.51","21,376.36","21,451.23","21,348.67","539.89M","-0.18%"
"2019年02月21日","21,464.23","21,422.31","21,553.35","21,318.74","704.96M","0.15%"
"2019年02月20日","21,431.49","21,346.04","21,494.85","21,315.39","615.07M","0.60%"
"2019年02月19日","21,302.65","21,256.58","21,344.17","21,217.16","552.65M","0.10%"
"2019年02月18日","21,281.85","21,217.32","21,306.36","21,189.97","636.94M","1.82%"
"2019年02月15日","20,900.63","21,051.51","21,051.51","20,853.33","676.14M","-1.13%"
"2019年02月14日","21,139.71","21,147.89","21,235.62","21,102.16","665.20M","-0.02%"
"2019年02月13日","21,144.48","21,029.93","21,213.74","20,992.88","810.27M","1.34%"
"2019年02月12日","20,864.21","20,442.55","20,885.88","20,428.57","866.91M","2.61%"
"2019年02月08日","20,333.17","20,510.50","20,562.39","20,315.31","888.59M","-2.01%"
"2019年02月07日","20,751.28","20,812.22","20,844.77","20,665.51","727.74M","-0.59%"
"2019年02月06日","20,874.06","20,928.87","20,971.66","20,860.99","710.05M","0.14%"
"2019年02月05日","20,844.45","20,960.47","20,981.23","20,823.18","674.93M","-0.19%"
"2019年02月04日","20,883.77","20,831.90","20,922.58","20,823.68","686.88M","0.46%"
"2019年02月01日","20,788.39","20,797.03","20,929.63","20,741.98","847.46M","0.07%"
"2019年01月31日","20,773.49","20,832.91","20,869.42","20,682.91","779.60M","1.06%"
"2019年01月30日","20,556.54","20,701.62","20,706.27","20,527.53","743.38M","-0.52%"
"2019年01月29日","20,664.64","20,555.44","20,673.66","20,406.22","650.25M","0.08%"
"2019年01月28日","20,649.00","20,746.29","20,759.48","20,624.55","585.54M","-0.60%"
"2019年01月25日","20,773.56","20,598.64","20,844.31","20,598.64","705.06M","0.97%"
"2019年01月24日","20,574.63","20,506.24","20,620.72","20,467.59","633.32M","-0.09%"
"2019年01月23日","20,593.72","20,453.44","20,686.29","20,438.22","612.83M","-0.14%"
"2019年01月22日","20,622.91","20,770.06","20,805.93","20,558.30","588.60M","-0.47%"
"2019年01月21日","20,719.33","20,848.38","20,892.68","20,678.26","630.65M","0.26%"
"2019年01月18日","20,666.07","20,472.81","20,682.12","20,454.13","666.63M","1.29%"
"2019年01月17日","20,402.27","20,544.23","20,571.75","20,342.46","656.18M","-0.20%"
"2019年01月16日","20,442.75","20,575.72","20,580.25","20,323.32","716.84M","-0.55%"
"2019年01月15日","20,555.29","20,264.82","20,571.28","20,204.43","806.94M","0.96%"
"2019年01月11日","20,359.70","20,296.45","20,389.89","20,294.74","801.21M","0.97%"
"2019年01月10日","20,163.80","20,270.88","20,345.92","20,101.93","759.63M","-1.29%"
"2019年01月09日","20,427.06","20,366.30","20,494.35","20,331.20","750.92M","1.10%"
"2019年01月08日","20,204.04","20,224.67","20,347.92","20,106.36","891.35M","0.82%"
"2019年01月07日","20,038.97","19,944.61","20,266.22","19,920.80","840.26M","2.44%"
"2019年01月04日","19,561.96","19,655.13","19,692.58","19,241.37","943.71M","-2.26%"